PV_MW,Bat_MWh,CAPEX,OPEX,Total_Cost,RE_Coverage,PV_Share,E_imp,E_exp,E_pv,E_demand,Scenario,tau
0.0,0.0,0.0,2203346.6402033684,2203346.6402033684,-7.504363743770104,0.0,33231.08223533101,0.0,0.0,30911.379852947368,S0 τ=40,40
0.0,0.0,0.0,2203346.6402033684,2203346.6402033684,-7.504363743770104,0.0,33231.08223533101,0.0,0.0,30911.379852947368,S1 τ=40,40
2.0,0.0,101589.42563244897,2090917.2414257617,2192506.667058211,-2.103604519817788,5.023758139552999,31561.633036672014,0.0,1669.4491986589924,30911.379852947368,S1 τ=40,40
4.0,0.0,203178.85126489794,1995258.4262190054,2198437.2774839033,2.4552889111080525,9.264417097166723,30152.416171147463,0.0,3078.6660641835388,30911.379852947368,S1 τ=40,40
6.0,0.0,304768.2768973469,1916516.024210784,2221284.3011081307,6.234323661636595,12.779655566495887,28984.264384636703,0.0,4246.817850694305,30911.379852947368,S1 τ=40,40
8.0,0.0,406357.7025297959,1846891.0264988819,2253248.7290286776,9.60256467800554,15.912775840940679,27943.094609704123,0.0,5287.987625626883,30911.379852947368,S1 τ=40,40
10.0,0.0,507947.12816224486,1783002.0751915264,2290949.2033537715,12.715660282804334,18.80856118061178,26980.79380211936,0.0,6250.288433211645,30911.379852947368,S1 τ=40,40
12.0,0.0,609536.5537946938,1722926.7400677558,2332463.2938624495,15.652170451679966,21.54008766624786,26073.077989397785,0.0,7158.004245933218,30911.379852947368,S1 τ=40,40
14.0,0.0,711125.9794271428,1665625.5691255233,2376751.548552666,18.458404642112427,24.150432114330865,25205.632279229925,0.0,8025.449956101076,30911.379852947368,S1 τ=40,40
16.0,0.0,812715.4050595918,1611140.3440921274,2423855.7491517193,21.135894417109853,26.64101917680497,24377.983244356645,0.0,8853.098990974364,30911.379852947368,S1 τ=40,40
18.0,0.0,914304.8306920407,1559298.5003959981,2473603.331088039,23.685293918574622,29.012457333065388,23589.928680489724,0.0,9641.153554841281,30911.379852947368,S1 τ=40,40
20.0,0.0,1015894.2563244897,1509969.4288973627,2525863.6852218523,26.11785515632667,31.275213144122425,22837.99043613263,0.0,10393.091799198375,30911.379852947368,S1 τ=40,40
22.0,0.0,1117483.6819569387,1462997.4294831115,2580481.1114400504,28.436628659347296,33.432124196167976,22121.22555068443,0.0,11109.856684646576,30911.379852947368,S1 τ=40,40
24.0,0.0,1219073.1075893876,1418396.9964948592,2637470.104084247,30.63738277129306,35.47925422448117,21440.942087511517,0.0,11790.140147819486,30911.379852947368,S1 τ=40,40
26.0,0.0,1320662.5332218367,1376301.6800385723,2696964.213260409,32.712997410018836,37.40998016568377,20799.340962251612,0.0,12431.741273079393,30911.379852947368,S1 τ=40,40
28.0,0.0,1422251.9588542855,1336902.786637441,2759154.7454917263,34.650179124423424,39.21193652070369,20200.53136407017,0.0,13030.550871260835,30911.379852947368,S1 τ=40,40
30.0,0.0,1523841.3844867346,1299580.6038286714,2823421.9883154063,36.483210963738664,40.91701320362248,19633.91592939397,0.0,13597.166305937033,30911.379852947368,S1 τ=40,40
32.0,0.0,1625430.8101191835,1264339.1210807562,2889769.93119994,38.20905611623125,42.522385387960995,19100.433378633308,0.0,14130.648856697695,30911.379852947368,S1 τ=40,40
34.0,0.0,1727020.2357516324,1231053.5041318408,2958073.739883473,39.831284774223214,44.03137404804781,18598.98011607804,0.0,14632.102119252962,30911.379852947368,S1 τ=40,40
36.0,0.0,1828609.6613840815,1199750.1955329261,3028359.856917008,41.35013368552693,45.444199405466605,18129.482959712594,0.0,15101.599275618413,30911.379852947368,S1 τ=40,40
38.0,0.0,1930199.0870165303,1169843.9216363572,3100043.0086528873,42.79949527760633,46.79238801996216,17681.465292542205,0.0,15549.6169427888,30911.379852947368,S1 τ=40,40
40.0,0.0,2031788.5126489794,1141619.1343321016,3173407.646981081,44.17073228092587,48.06790554833692,17257.59701376193,0.0,15973.485221569075,30911.379852947368,S1 τ=40,40
42.0,0.0,2133377.9382814285,1115104.9965376027,3248482.9348190315,45.45959922482176,49.266802875861046,16859.190456935197,0.0,16371.891778395806,30911.379852947368,S1 τ=40,40
44.0,0.0,2234967.3639138774,1090527.4940918884,3325494.858005766,46.65476748714342,50.37854217713282,16489.74745548708,0.0,16741.334779843924,30911.379852947368,S1 τ=40,40
46.0,0.0,2336556.7895463263,1067358.2039681196,3403914.9935144456,47.78556909330373,51.43040794962883,16140.201075623634,0.0,17090.881159707373,30911.379852947368,S1 τ=40,40
48.0,0.0,2438146.215178775,1045700.4091128687,3483846.624291644,48.846650710687534,52.417420551194304,15812.206106324329,0.0,17418.876129006676,30911.379852947368,S1 τ=40,40
50.0,0.0,2539735.640811224,1025484.0734828053,3565219.7142940294,49.83748879820077,53.339092986626646,15505.924381365432,0.0,17725.157853965575,30911.379852947368,S1 τ=40,40
52.0,0.0,2641325.0664436733,1006525.0893733619,3647850.155817035,50.76464004043484,54.20152424982994,15219.32913906714,0.0,18011.753096263863,30911.379852947368,S1 τ=40,40
54.0,0.0,2742914.492076122,988939.2348038229,3731853.726879945,51.623290244594955,55.00023620370621,14953.908512851098,0.0,18277.173722479907,30911.379852947368,S1 τ=40,40
56.0,0.0,2844503.917708571,972410.2318809005,3816914.1495894715,52.4319762548457,55.752471724283026,14703.932508404847,0.0,18527.14972692616,30911.379852947368,S1 τ=40,40
58.0,0.0,2946093.34334102,956637.2241649427,3902730.5675059627,53.20325878041915,56.46991471795698,14465.51843718543,0.0,18765.563798145573,30911.379852947368,S1 τ=40,40
60.0,0.0,3047682.7689734693,941737.3728695221,3989420.141842991,53.931326117414834,57.14715916798785,14240.462777061457,0.0,18990.619458269546,30911.379852947368,S1 τ=40,40
62.0,0.0,3149272.194605918,927563.6611435205,4076835.8557494385,54.62371250476375,57.79121338424199,14026.436590817932,0.0,19204.645644513075,30911.379852947368,S1 τ=40,40
64.0,0.0,3250861.620238367,913884.7062748506,4164746.3265132178,55.291271298362,58.41217310192316,13820.084956387023,0.0,19410.997278943985,30911.379852947368,S1 τ=40,40
66.0,0.0,3352451.045870816,900894.3453993652,4253345.391270181,55.923339738384826,59.00011987730179,13624.703879960973,0.0,19606.378355370034,30911.379852947368,S1 τ=40,40
68.0,0.0,3454040.4715032647,888562.2480481069,4342602.719551371,56.523506053822594,59.55839146232156,13439.184190446567,0.0,19791.898044884438,30911.379852947368,S1 τ=40,40
70.0,0.0,3555629.897135714,876796.4423015014,4432426.339437216,57.09964644957499,60.09431426181424,13261.091244229268,0.0,19969.99099110174,30911.379852947368,S1 τ=40,40
72.0,0.0,3657219.322768163,865787.1046061815,4523006.427374344,57.64311922295629,60.59984980888898,13093.096310852026,0.0,20137.985924478977,30911.379852947368,S1 τ=40,40
74.0,0.0,3758808.748400612,855282.0217565123,4614090.770157124,58.163053310672986,61.08348979298853,12932.37751001296,0.0,20298.704725318043,30911.379852947368,S1 τ=40,40
76.0,0.0,3860398.1740330607,845109.7113103281,4705507.885343389,58.66596970860659,61.55130001056472,12776.919111904943,0.0,20454.163123426064,30911.379852947368,S1 τ=40,40
78.0,0.0,3961987.59966551,835452.3703601909,4797439.9700257005,59.14638896401745,61.998183503178915,12628.414890978194,0.0,20602.66734435281,30911.379852947368,S1 τ=40,40
80.0,0.0,4063577.025297959,826235.5597087414,4889812.5850067,59.60748181084554,62.427089671050496,12485.884729620391,0.0,20745.197505710617,30911.379852947368,S1 τ=40,40
82.0,0.0,4165166.4509304077,817404.2374102088,4982570.688340616,60.04834646202257,62.83717967653881,12349.60738265769,0.0,20881.474852673316,30911.379852947368,S1 τ=40,40
84.0,0.0,4266755.876562857,808859.0640901502,5075614.9406530075,60.4739628182154,63.23308579734268,12218.04349407865,0.0,21013.038741252356,30911.379852947368,S1 τ=40,40
86.0,0.0,4368345.302195306,800659.8926873184,5169005.194882624,60.882078439686325,63.61271282573349,12091.889324086556,0.0,21139.19291124445,30911.379852947368,S1 τ=40,40
88.0,0.0,4469934.727827755,792771.6456641974,5262706.373491952,61.275486463515406,63.9786589232954,11970.281475468773,0.0,21260.80075986223,30911.379852947368,S1 τ=40,40
90.0,0.0,4571524.153460204,785235.954236425,5356760.107696628,61.651659156957464,64.32857280617613,11854.001305295838,0.0,21377.08093003517,30911.379852947368,S1 τ=40,40
92.0,0.0,4673113.579092653,777918.252712968,5451031.83180562,62.01616127013968,64.66763077600048,11741.32867251806,0.0,21489.753562812944,30911.379852947368,S1 τ=40,40
94.0,0.0,4774703.004725101,770829.752295943,5545532.757021044,62.36979616508993,64.99658011594832,11632.015246847419,0.0,21599.066988483588,30911.379852947368,S1 τ=40,40
96.0,0.0,4876292.43035755,763963.4172293809,5640255.847586932,62.71334612532499,65.3161485020781,11525.819213654511,0.0,21705.263021676496,30911.379852947368,S1 τ=40,40
98.0,0.0,4977881.855989999,757256.3605487356,5735138.216538735,63.04905001935964,65.62841851823744,11422.048507788324,0.0,21809.033727542686,30911.379852947368,S1 τ=40,40
0.0,0.0,0.0,2203346.6402033684,2203346.6402033684,-7.504363743770104,0.0,33231.08223533101,0.0,0.0,30911.379852947368,S2 τ=40,40
0.0,6.0,942442.9805243728,2191352.9530415596,3133795.9335659323,-7.902853043092345,0.0,33354.26077631785,0.0,0.0,30911.379852947368,S2 τ=40,40
0.0,12.0,1884885.9610487456,2182237.6347528305,4067123.595801576,-8.214734793863448,0.0,33450.66772899073,0.0,0.0,30911.379852947368,S2 τ=40,40
11.0,0.0,558741.8409784694,1752561.5005564445,2311303.341534914,14.201803712343386,20.19096406900168,26521.406361454923,0.0,6709.675873876084,30911.379852947368,S2 τ=40,40
11.0,6.0,1501184.821502842,1695618.4505997065,3196803.2721025487,16.185719353840536,22.65460696731503,25908.150661549702,0.0,7588.544675690768,30911.379852947368,S2 τ=40,40
11.0,12.0,2443627.802027215,1660248.3388005947,4103876.1408278095,17.347696968099612,24.12024908499931,25548.967347399863,0.0,8121.368993081033,30911.379852947368,S2 τ=40,40
22.0,0.0,1117483.6819569387,1462997.4294831115,2580481.1114400504,28.436628659347296,33.432124196167976,22121.22555068443,0.0,11109.856684646576,30911.379852947368,S2 τ=40,40
22.0,6.0,2059926.6624813115,1387213.3015894918,3447139.9640708035,31.427922084962347,36.87637048651718,21196.575477376322,0.0,12382.886985010868,30911.379852947368,S2 τ=40,40
22.0,12.0,3002369.643005684,1336745.0922001302,4339114.735205814,33.382584483306324,39.09565479258709,20592.362358581482,0.0,13218.628119114523,30911.379852947368,S2 τ=40,40
33.0,0.0,1676225.522935408,1247476.3034816948,2923701.8264171025,39.03215081361319,43.288023794364435,18846.003450176107,0.0,14385.078785154898,30911.379852947368,S2 τ=40,40
33.0,6.0,2618668.5034597805,1159768.6268791244,3778437.130338905,42.660237624044655,47.303104544826894,17724.511754808955,0.0,15910.319294937428,30911.379852947368,S2 τ=40,40
33.0,12.0,3561111.4839841537,1100451.7276946828,4661563.2116788365,45.111145417763346,49.96913185180963,16966.90233684708,0.0,16945.965788070273,30911.379852947368,S2 τ=40,40
44.0,0.0,2234967.3639138774,1090527.4940918884,3325494.858005766,46.65476748714342,50.37854217713282,16489.74745548708,0.0,16741.334779843924,30911.379852947368,S2 τ=40,40
44.0,6.0,3177410.34443825,993826.0531379948,4171236.397576245,50.76980207952768,54.807086782064175,15217.733481554993,0.0,18455.097938207287,30911.379852947368,S2 τ=40,40
44.0,12.0,4119853.324962623,927839.390731002,5047692.715693625,53.582074411725124,57.77771377510462,14348.421298450105,0.0,19634.630263523097,30911.379852947368,S2 τ=40,40
55.0,0.0,2793709.2048923466,980567.9730756112,3774277.1779679577,52.033266298217114,55.38159379640757,14827.179257609829,0.0,18403.902977721176,30911.379852947368,S2 τ=40,40
55.0,6.0,3736152.1854167194,879659.2064573703,4615811.39187409,56.40190868870534,59.998202598676556,13476.771613869136,0.0,20213.643540884033,30911.379852947368,S2 τ=40,40
55.0,12.0,4678595.165941092,811025.6430960883,5489620.809037181,59.35779970963559,63.05771293923912,12563.064912350219,0.0,21444.209438821104,30911.379852947368,S2 τ=40,40
66.0,0.0,3352451.045870816,900894.3453993652,4253345.391270181,55.923339738384826,59.00011987730179,13624.703879960973,0.0,19606.378355370034,30911.379852947368,S2 τ=40,40
66.0,6.0,4294894.026395189,797297.0918820461,5092191.118277235,60.44515320108715,63.71866666116911,12226.948944263342,0.0,21473.435851620612,30911.379852947368,S2 τ=40,40
66.0,12.0,5237337.006919561,726799.3499125564,5964136.356832117,63.54643608868938,66.88032127955721,11268.299610562159,0.0,22754.674179962298,30911.379852947368,S2 τ=40,40
77.0,0.0,3911192.886849285,840213.8914131791,4751406.778262464,58.90911838008246,61.77747564010046,12701.758502457642,0.0,20529.323732873367,30911.379852947368,S2 τ=40,40
77.0,6.0,4853635.867373658,733722.8321321019,5587358.69950576,63.596697594315046,66.61926466354231,11252.763085638406,0.0,22457.588026214995,30911.379852947368,S2 τ=40,40
77.0,12.0,5796078.847898031,661383.3716255613,6457462.219523592,66.82940041172586,69.88114526648333,10253.490038231614,0.0,23789.93601150258,30911.379852947368,S2 τ=40,40
88.0,0.0,4469934.727827755,792771.6456641974,5262706.373491952,61.275486463515406,63.9786589232954,11970.281475468773,0.0,21260.80075986223,30911.379852947368,S2 τ=40,40
88.0,6.0,5412377.708352128,683886.4755984531,6096264.183950581,66.08777091639132,68.91186814549938,10482.737948635971,0.0,23236.68268975273,30911.379852947368,S2 τ=40,40
88.0,12.0,6354820.6888765,610171.5464713805,6964992.235347881,69.42119054985454,72.24740340055635,9452.331943643425,0.0,24606.93854578139,30911.379852947368,S2 τ=40,40
99.0,0.0,5028676.568806224,754003.1657800614,5782679.734586285,63.21111197200827,65.7791677036704,11371.952922008,0.0,21859.129313323003,30911.379852947368,S2 τ=40,40
99.0,6.0,5971119.549330596,643606.426066635,6614725.975397231,68.1021018074295,70.76311018854778,9860.080475411898,0.0,23864.712206023254,30911.379852947368,S2 τ=40,40
99.0,12.0,6913562.529854969,568738.2935893446,7482300.823444313,71.50860230682574,74.14931699406287,8807.084166350984,0.0,25261.973754974584,30911.379852947368,S2 τ=40,40
0.0,0.0,0.0,2867968.2849099822,2867968.2849099822,-7.504363743770104,0.0,33231.08223533101,0.0,0.0,30911.379852947368,S0 τ=60,60
0.0,0.0,0.0,2867968.2849099822,2867968.2849099822,-7.504363743770104,0.0,33231.08223533101,0.0,0.0,30911.379852947368,S1 τ=60,60
2.0,0.0,101589.42563244897,2722149.902159184,2823739.327791633,-2.103604519817788,5.023758139552999,31561.633036672014,0.0,1669.4491986589924,30911.379852947368,S1 τ=60,60
4.0,0.0,203178.85126489794,2598306.7496419353,2801485.600906833,2.4552889111080525,9.264417097166723,30152.416171147463,0.0,3078.6660641835388,30911.379852947368,S1 τ=60,60
6.0,0.0,304768.2768973469,2496201.3119034935,2800969.5888008405,6.234323661636595,12.779655566495887,28984.264384636703,0.0,4246.817850694305,30911.379852947368,S1 τ=60,60
8.0,0.0,406357.7025297959,2405752.9186929436,2812110.6212227396,9.60256467800554,15.912775840940679,27943.094609704123,0.0,5287.987625626883,30911.379852947368,S1 τ=60,60
10.0,0.0,507947.12816224486,2322617.9512338904,2830565.079396135,12.715660282804334,18.80856118061178,26980.79380211936,0.0,6250.288433211645,30911.379852947368,S1 τ=60,60
12.0,0.0,609536.5537946938,2244388.299855717,2853924.8536504107,15.652170451679966,21.54008766624786,26073.077989397785,0.0,7158.004245933218,30911.379852947368,S1 τ=60,60
14.0,0.0,711125.9794271428,2169738.214710131,2880864.1941372734,18.458404642112427,24.150432114330865,25205.632279229925,0.0,8025.449956101076,30911.379852947368,S1 τ=60,60
16.0,0.0,812715.4050595918,2098700.008979274,2911415.414038866,21.135894417109853,26.64101917680497,24377.983244356645,0.0,8853.098990974364,30911.379852947368,S1 τ=60,60
18.0,0.0,914304.8306920407,2031097.0740057887,2945401.9046978294,23.685293918574622,29.012457333065388,23589.928680489724,0.0,9641.153554841281,30911.379852947368,S1 τ=60,60
20.0,0.0,1015894.2563244897,1966729.2376200103,2982623.4939445,26.11785515632667,31.275213144122425,22837.99043613263,0.0,10393.091799198375,30911.379852947368,S1 τ=60,60
22.0,0.0,1117483.6819569387,1905421.9404967965,3022905.622453735,28.436628659347296,33.432124196167976,22121.22555068443,0.0,11109.856684646576,30911.379852947368,S1 τ=60,60
24.0,0.0,1219073.1075893876,1847215.838245087,3066288.9458344746,30.63738277129306,35.47925422448117,21440.942087511517,0.0,11790.140147819486,30911.379852947368,S1 τ=60,60
26.0,0.0,1320662.5332218367,1792288.4992836039,3112951.0325054405,32.712997410018836,37.40998016568377,20799.340962251612,0.0,12431.741273079393,30911.379852947368,S1 τ=60,60
28.0,0.0,1422251.9588542855,1740913.4139188493,3163165.372773135,34.650179124423424,39.21193652070369,20200.53136407017,0.0,13030.550871260835,30911.379852947368,S1 τ=60,60
30.0,0.0,1523841.3844867346,1692258.922416549,3216100.3069032836,36.483210963738664,40.91701320362248,19633.91592939397,0.0,13597.166305937033,30911.379852947368,S1 τ=60,60
32.0,0.0,1625430.8101191835,1646347.78865342,3271778.5987726036,38.20905611623125,42.522385387960995,19100.433378633308,0.0,14130.648856697695,30911.379852947368,S1 τ=60,60
34.0,0.0,1727020.2357516324,1603033.1064534036,3330053.342205036,39.831284774223214,44.03137404804781,18598.98011607804,0.0,14632.102119252962,30911.379852947368,S1 τ=60,60
36.0,0.0,1828609.6613840815,1562339.8547271786,3390949.5161112603,41.35013368552693,45.444199405466605,18129.482959712594,0.0,15101.599275618413,30911.379852947368,S1 τ=60,60
38.0,0.0,1930199.0870165303,1523473.2274872032,3453672.3145037335,42.79949527760633,46.79238801996216,17681.465292542205,0.0,15549.6169427888,30911.379852947368,S1 τ=60,60
40.0,0.0,2031788.5126489794,1486771.07460735,3518559.587256329,44.17073228092587,48.06790554833692,17257.59701376193,0.0,15973.485221569075,30911.379852947368,S1 τ=60,60
42.0,0.0,2133377.9382814285,1452288.8056763136,3585666.743957742,45.45959922482176,49.266802875861046,16859.190456935197,0.0,16371.891778395806,30911.379852947368,S1 τ=60,60
44.0,0.0,2234967.3639138774,1420322.4432016378,3655289.807115515,46.65476748714342,50.37854217713282,16489.74745548708,0.0,16741.334779843924,30911.379852947368,S1 τ=60,60
46.0,0.0,2336556.7895463263,1390162.2254805989,3726719.015026925,47.78556909330373,51.43040794962883,16140.201075623634,0.0,17090.881159707373,30911.379852947368,S1 τ=60,60
48.0,0.0,2438146.215178775,1361944.5312393582,3800090.7464181334,48.846650710687534,52.417420551194304,15812.206106324329,0.0,17418.876129006676,30911.379852947368,S1 τ=60,60
50.0,0.0,2539735.640811224,1335602.5611101286,3875338.2019213527,49.83748879820077,53.339092986626646,15505.924381365432,0.0,17725.157853965575,30911.379852947368,S1 τ=60,60
52.0,0.0,2641325.0664436733,1310911.6721547244,3952236.738598398,50.76464004043484,54.20152424982994,15219.32913906714,0.0,18011.753096263863,30911.379852947368,S1 τ=60,60
54.0,0.0,2742914.492076122,1288017.4050608592,4030931.8971369816,51.623290244594955,55.00023620370621,14953.908512851098,0.0,18277.173722479907,30911.379852947368,S1 τ=60,60
56.0,0.0,2844503.917708571,1266488.882049007,4110992.7997575784,52.4319762548457,55.752471724283026,14703.932508404847,0.0,18527.14972692616,30911.379852947368,S1 τ=60,60
58.0,0.0,2946093.34334102,1245947.5929086632,4192040.936249683,53.20325878041915,56.46991471795698,14465.51843718543,0.0,18765.563798145573,30911.379852947368,S1 τ=60,60
60.0,0.0,3047682.7689734693,1226546.6284107664,4274229.397384236,53.931326117414834,57.14715916798785,14240.462777061457,0.0,18990.619458269546,30911.379852947368,S1 τ=60,60
62.0,0.0,3149272.194605918,1208092.3929598867,4357364.587565805,54.62371250476375,57.79121338424199,14026.436590817932,0.0,19204.645644513075,30911.379852947368,S1 τ=60,60
64.0,0.0,3250861.620238367,1190286.4054026075,4441148.025640975,55.291271298362,58.41217310192316,13820.084956387023,0.0,19410.997278943985,30911.379852947368,S1 τ=60,60
66.0,0.0,3352451.045870816,1173388.4229985916,4525839.468869408,55.923339738384826,59.00011987730179,13624.703879960973,0.0,19606.378355370034,30911.379852947368,S1 τ=60,60
68.0,0.0,3454040.4715032647,1157345.931857048,4611386.403360313,56.523506053822594,59.55839146232156,13439.184190446567,0.0,19791.898044884438,30911.379852947368,S1 τ=60,60
70.0,0.0,3555629.897135714,1142018.2671860878,4697648.164321802,57.09964644957499,60.09431426181424,13261.091244229268,0.0,19969.99099110174,30911.379852947368,S1 τ=60,60
72.0,0.0,3657219.322768163,1127649.0308232405,4784868.353591403,57.64311922295629,60.59984980888898,13093.096310852026,0.0,20137.985924478977,30911.379852947368,S1 τ=60,60
74.0,0.0,3758808.748400612,1113929.5719567738,4872738.320357386,58.163053310672986,61.08348979298853,12932.37751001296,0.0,20298.704725318043,30911.379852947368,S1 τ=60,60
76.0,0.0,3860398.1740330607,1100648.0935484327,4961046.267581494,58.66596970860659,61.55130001056472,12776.919111904943,0.0,20454.163123426064,30911.379852947368,S1 τ=60,60
78.0,0.0,3961987.59966551,1088020.6681797646,5050008.267845275,59.14638896401745,61.998183503178915,12628.414890978194,0.0,20602.66734435281,30911.379852947368,S1 τ=60,60
80.0,0.0,4063577.025297959,1075953.254301165,5139530.279599124,59.60748181084554,62.427089671050496,12485.884729620391,0.0,20745.197505710617,30911.379852947368,S1 τ=60,60
82.0,0.0,4165166.4509304077,1064396.385063365,5229562.835993772,60.04834646202257,62.83717967653881,12349.60738265769,0.0,20881.474852673316,30911.379852947368,S1 τ=60,60
84.0,0.0,4266755.876562857,1053219.933971728,5319975.810534585,60.4739628182154,63.23308579734268,12218.04349407865,0.0,21013.038741252356,30911.379852947368,S1 τ=60,60
86.0,0.0,4368345.302195306,1042497.679169052,5410842.981364358,60.882078439686325,63.61271282573349,12091.889324086556,0.0,21139.19291124445,30911.379852947368,S1 τ=60,60
88.0,0.0,4469934.727827755,1032177.275173577,5502112.003001332,61.275486463515406,63.9786589232954,11970.281475468773,0.0,21260.80075986223,30911.379852947368,S1 τ=60,60
90.0,0.0,4571524.153460204,1022315.9803423455,5593840.133802549,61.651659156957464,64.32857280617613,11854.001305295838,0.0,21377.08093003517,30911.379852947368,S1 τ=60,60
92.0,0.0,4673113.579092653,1012744.8261633341,5685858.405255986,62.01616127013968,64.66763077600048,11741.32867251806,0.0,21489.753562812944,30911.379852947368,S1 τ=60,60
94.0,0.0,4774703.004725101,1003470.0572328937,5778173.061957995,62.36979616508993,64.99658011594832,11632.015246847419,0.0,21599.066988483588,30911.379852947368,S1 τ=60,60
96.0,0.0,4876292.43035755,994479.8015024762,5870772.231860027,62.71334612532499,65.3161485020781,11525.819213654511,0.0,21705.263021676496,30911.379852947368,S1 τ=60,60
98.0,0.0,4977881.855989999,985697.3307045058,5963579.186694505,63.04905001935964,65.62841851823744,11422.048507788324,0.0,21809.033727542686,30911.379852947368,S1 τ=60,60
0.0,0.0,0.0,2867968.2849099822,2867968.2849099822,-7.504363743770104,0.0,33231.08223533101,0.0,0.0,30911.379852947368,S2 τ=60,60
0.0,6.0,942442.9805243728,2858047.2517179144,3800490.232242287,-7.797337411365629,0.0,33321.64443859057,0.0,0.0,30911.379852947368,S2 τ=60,60
0.0,12.0,1884885.9610487456,2850563.483241096,4735449.444289842,-8.032373388331019,0.0,33394.29730222143,0.0,0.0,30911.379852947368,S2 τ=60,60
11.0,0.0,558741.8409784694,2282989.6277855565,2841731.4687640257,14.201803712343386,20.19096406900168,26521.406361454923,0.0,6709.675873876084,30911.379852947368,S2 τ=60,60
11.0,6.0,1501184.821502842,2213529.775931102,3714714.597433944,16.258091052357994,22.66974717633096,25885.77957091494,0.0,7588.544675690768,30911.379852947368,S2 τ=60,60
11.0,12.0,2443627.802027215,2170765.694716911,4614393.496744126,17.47996365088823,24.14957360188862,25508.08189066418,0.0,8121.368993081033,30911.379852947368,S2 τ=60,60
22.0,0.0,1117483.6819569387,1905421.9404967965,3022905.622453735,28.436628659347296,33.432124196167976,22121.22555068443,0.0,11109.856684646576,30911.379852947368,S2 τ=60,60
22.0,6.0,2059926.6624813115,1810978.9765348514,3870905.6390161626,31.47548103958674,36.89252207712568,21181.874348258283,0.0,12382.886985010868,30911.379852947368,S2 τ=60,60
22.0,12.0,3002369.643005684,1748312.434028289,4750682.077033973,33.46009236530635,39.12337795141762,20568.40360276048,0.0,13218.628119114523,30911.379852947368,S2 τ=60,60
33.0,0.0,1676225.522935408,1624396.3724852232,3300621.8954206314,39.03215081361319,43.288023794364435,18846.003450176107,0.0,14385.078785154898,30911.379852947368,S2 τ=60,60
33.0,6.0,2618668.5034597805,1514103.2965654787,4132771.800025259,42.70692392528794,47.323409153922114,17710.080374892354,0.0,15910.319294937428,30911.379852947368,S2 τ=60,60
33.0,12.0,3561111.4839841537,1439517.478917184,5000628.962901338,45.18682983235398,50.003627303535744,16943.50723996349,0.0,16945.965788070273,30911.379852947368,S2 τ=60,60
44.0,0.0,2234967.3639138774,1420322.4432016378,3655289.807115515,46.65476748714342,50.37854217713282,16489.74745548708,0.0,16741.334779843924,30911.379852947368,S2 τ=60,60
44.0,6.0,3177410.34443825,1298039.5316387133,4475449.876076964,50.81458396559777,54.82962691262677,15203.890782646555,0.0,18455.097938207287,30911.379852947368,S2 τ=60,60
44.0,12.0,4119853.324962623,1214523.0991237632,5334376.424086386,53.66565193171671,57.82167159450301,14322.58633377383,0.0,19634.630263523097,30911.379852947368,S2 τ=60,60
55.0,0.0,2793709.2048923466,1277111.5582278217,4070820.7631201684,52.033266298217114,55.38159379640757,14827.179257609829,0.0,18403.902977721176,30911.379852947368,S2 τ=60,60
55.0,6.0,3736152.1854167194,1149061.0805797786,4885213.265996498,56.44010692663717,60.01923775938957,13464.964011444896,0.0,20213.643540884033,30911.379852947368,S2 τ=60,60
55.0,12.0,4678595.165941092,1062026.7459827464,5740621.911923839,59.43024252133959,63.099262472359406,12540.67183964824,0.0,21444.209438821104,30911.379852947368,S2 τ=60,60
66.0,0.0,3352451.045870816,1173388.4229985916,4525839.468869408,55.923339738384826,59.00011987730179,13624.703879960973,0.0,19606.378355370034,30911.379852947368,S2 τ=60,60
66.0,6.0,4294894.026395189,1041716.6524687883,5336610.678863977,60.4784600896273,63.73813894873405,12216.653325429501,0.0,21473.435851620612,30911.379852947368,S2 τ=60,60
66.0,12.0,5237337.006919561,951968.1428589264,6189305.149778487,63.59871574753503,66.91210344974121,11252.13924663056,0.0,22754.674179962298,30911.379852947368,S2 τ=60,60
77.0,0.0,3911192.886849285,1094249.0614623337,5005441.9483116185,58.90911838008246,61.77747564010046,12701.758502457642,0.0,20529.323732873367,30911.379852947368,S2 τ=60,60
77.0,6.0,4853635.867373658,958689.3025959705,5812325.169969629,63.62282725289845,66.6352305396819,11244.686047619409,0.0,22457.588026214995,30911.379852947368,S2 τ=60,60
77.0,12.0,5796078.847898031,866286.9963215677,6662365.844219598,66.87359889957482,69.90920133954634,10239.827675763365,0.0,23789.93601150258,30911.379852947368,S2 τ=60,60
88.0,0.0,4469934.727827755,1032177.275173577,5502112.003001332,61.275486463515406,63.9786589232954,11970.281475468773,0.0,21260.80075986223,30911.379852947368,S2 τ=60,60
88.0,6.0,5412377.708352128,893452.939038467,6305830.647390595,66.11313763967702,68.92789682283778,10474.896744444883,0.0,23236.68268975273,30911.379852947368,S2 τ=60,60
88.0,12.0,6354820.6888765,799066.973815825,7153887.662692325,69.46399959693575,72.27548420990276,9439.099076488726,0.0,24606.93854578139,30911.379852947368,S2 τ=60,60
99.0,0.0,5028676.568806224,981442.2242202251,6010118.793026449,63.21111197200827,65.7791677036704,11371.952922008,0.0,21859.129313323003,30911.379852947368,S2 τ=60,60
99.0,6.0,5971119.549330596,840726.6734422357,6811846.222772831,68.1261248920848,70.778694959569,9852.654608461706,0.0,23864.712206023254,30911.379852947368,S2 τ=60,60
99.0,12.0,6913562.529854969,744738.0101236869,7658300.539978656,71.55221503517595,74.17866986366285,8793.602870226414,0.0,25261.973754974584,30911.379852947368,S2 τ=60,60
0.0,0.0,0.0,3532589.92961661,3532589.92961661,-7.504363743770104,0.0,33231.08223533101,0.0,0.0,30911.379852947368,S0 τ=80,80
0.0,0.0,0.0,3532589.92961661,3532589.92961661,-7.504363743770104,0.0,33231.08223533101,0.0,0.0,30911.379852947368,S1 τ=80,80
2.0,0.0,101589.42563244897,3353382.562892635,3454971.9885250838,-2.103604519817788,5.023758139552999,31561.633036672014,0.0,1669.4491986589924,30911.379852947368,S1 τ=80,80
4.0,0.0,203178.85126489794,3201355.073064906,3404533.924329804,2.4552889111080525,9.264417097166723,30152.416171147463,0.0,3078.6660641835388,30911.379852947368,S1 τ=80,80
6.0,0.0,304768.2768973469,3075886.599596251,3380654.876493598,6.234323661636595,12.779655566495887,28984.264384636703,0.0,4246.817850694305,30911.379852947368,S1 τ=80,80
8.0,0.0,406357.7025297959,2964614.810887026,3370972.513416822,9.60256467800554,15.912775840940679,27943.094609704123,0.0,5287.987625626883,30911.379852947368,S1 τ=80,80
10.0,0.0,507947.12816224486,2862233.8272762895,3370180.9554385343,12.715660282804334,18.80856118061178,26980.79380211936,0.0,6250.288433211645,30911.379852947368,S1 τ=80,80
12.0,0.0,609536.5537946938,2765849.8596436703,3375386.413438364,15.652170451679966,21.54008766624786,26073.077989397785,0.0,7158.004245933218,30911.379852947368,S1 τ=80,80
14.0,0.0,711125.9794271428,2673850.860294737,3384976.83972188,18.458404642112427,24.150432114330865,25205.632279229925,0.0,8025.449956101076,30911.379852947368,S1 τ=80,80
16.0,0.0,812715.4050595918,2586259.673866404,3398975.078925996,21.135894417109853,26.64101917680497,24377.983244356645,0.0,8853.098990974364,30911.379852947368,S1 τ=80,80
18.0,0.0,914304.8306920407,2502895.6476155673,3417200.478307608,23.685293918574622,29.012457333065388,23589.928680489724,0.0,9641.153554841281,30911.379852947368,S1 τ=80,80
20.0,0.0,1015894.2563244897,2423489.046342629,3439383.3026671186,26.11785515632667,31.275213144122425,22837.99043613263,0.0,10393.091799198375,30911.379852947368,S1 τ=80,80
22.0,0.0,1117483.6819569387,2347846.4515104895,3465330.1334674284,28.436628659347296,33.432124196167976,22121.22555068443,0.0,11109.856684646576,30911.379852947368,S1 τ=80,80
24.0,0.0,1219073.1075893876,2276034.6799953026,3495107.7875846904,30.63738277129306,35.47925422448117,21440.942087511517,0.0,11790.140147819486,30911.379852947368,S1 τ=80,80
26.0,0.0,1320662.5332218367,2208275.318528612,3528937.851750449,32.712997410018836,37.40998016568377,20799.340962251612,0.0,12431.741273079393,30911.379852947368,S1 τ=80,80
28.0,0.0,1422251.9588542855,2144924.04120023,3567176.0000545154,34.650179124423424,39.21193652070369,20200.53136407017,0.0,13030.550871260835,30911.379852947368,S1 τ=80,80
30.0,0.0,1523841.3844867346,2084937.2410044256,3608778.62549116,36.483210963738664,40.91701320362248,19633.91592939397,0.0,13597.166305937033,30911.379852947368,S1 τ=80,80
32.0,0.0,1625430.8101191835,2028356.4562260774,3653787.2663452607,38.20905611623125,42.522385387960995,19100.433378633308,0.0,14130.648856697695,30911.379852947368,S1 τ=80,80
34.0,0.0,1727020.2357516324,1975012.7087749548,3702032.944526587,39.831284774223214,44.03137404804781,18598.98011607804,0.0,14632.102119252962,30911.379852947368,S1 τ=80,80
36.0,0.0,1828609.6613840815,1924929.5139214243,3753539.1753055057,41.35013368552693,45.444199405466605,18129.482959712594,0.0,15101.599275618413,30911.379852947368,S1 τ=80,80
38.0,0.0,1930199.0870165303,1877102.533338044,3807301.620354574,42.79949527760633,46.79238801996216,17681.465292542205,0.0,15549.6169427888,30911.379852947368,S1 τ=80,80
40.0,0.0,2031788.5126489794,1831923.014882577,3863711.5275315563,44.17073228092587,48.06790554833692,17257.59701376193,0.0,15973.485221569075,30911.379852947368,S1 τ=80,80
42.0,0.0,2133377.9382814285,1789472.6148150067,3922850.553096435,45.45959922482176,49.266802875861046,16859.190456935197,0.0,16371.891778395806,30911.379852947368,S1 τ=80,80
44.0,0.0,2234967.3639138774,1750117.3923113677,3985084.756225245,46.65476748714342,50.37854217713282,16489.74745548708,0.0,16741.334779843924,30911.379852947368,S1 τ=80,80
46.0,0.0,2336556.7895463263,1712966.246993063,4049523.0365393893,47.78556909330373,51.43040794962883,16140.201075623634,0.0,17090.881159707373,30911.379852947368,S1 τ=80,80
48.0,0.0,2438146.215178775,1678188.653365835,4116334.86854461,48.846650710687534,52.417420551194304,15812.206106324329,0.0,17418.876129006676,30911.379852947368,S1 τ=80,80
50.0,0.0,2539735.640811224,1645721.0487374275,4185456.6895486517,49.83748879820077,53.339092986626646,15505.924381365432,0.0,17725.157853965575,30911.379852947368,S1 τ=80,80
52.0,0.0,2641325.0664436733,1615298.2549360567,4256623.3213797305,50.76464004043484,54.20152424982994,15219.32913906714,0.0,18011.753096263863,30911.379852947368,S1 τ=80,80
54.0,0.0,2742914.492076122,1587095.5753178732,4330010.067393996,51.623290244594955,55.00023620370621,14953.908512851098,0.0,18277.173722479907,30911.379852947368,S1 τ=80,80
56.0,0.0,2844503.917708571,1560567.5322170984,4405071.4499256695,52.4319762548457,55.752471724283026,14703.932508404847,0.0,18527.14972692616,30911.379852947368,S1 τ=80,80
58.0,0.0,2946093.34334102,1535257.9616523653,4481351.304993385,53.20325878041915,56.46991471795698,14465.51843718543,0.0,18765.563798145573,30911.379852947368,S1 τ=80,80
60.0,0.0,3047682.7689734693,1511355.8839519955,4559038.652925465,53.931326117414834,57.14715916798785,14240.462777061457,0.0,18990.619458269546,30911.379852947368,S1 τ=80,80
62.0,0.0,3149272.194605918,1488621.1247762449,4637893.319382163,54.62371250476375,57.79121338424199,14026.436590817932,0.0,19204.645644513075,30911.379852947368,S1 τ=80,80
64.0,0.0,3250861.620238367,1466688.1045303408,4717549.7247687075,55.291271298362,58.41217310192316,13820.084956387023,0.0,19410.997278943985,30911.379852947368,S1 τ=80,80
66.0,0.0,3352451.045870816,1445882.5005978118,4798333.546468628,55.923339738384826,59.00011987730179,13624.703879960973,0.0,19606.378355370034,30911.379852947368,S1 τ=80,80
68.0,0.0,3454040.4715032647,1426129.6156659808,4880170.087169246,56.523506053822594,59.55839146232156,13439.184190446567,0.0,19791.898044884438,30911.379852947368,S1 τ=80,80
70.0,0.0,3555629.897135714,1407240.0920706694,4962869.989206383,57.09964644957499,60.09431426181424,13261.091244229268,0.0,19969.99099110174,30911.379852947368,S1 τ=80,80
72.0,0.0,3657219.322768163,1389510.9570402794,5046730.279808442,57.64311922295629,60.59984980888898,13093.096310852026,0.0,20137.985924478977,30911.379852947368,S1 τ=80,80
74.0,0.0,3758808.748400612,1372577.1221570335,5131385.870557645,58.163053310672986,61.08348979298853,12932.37751001296,0.0,20298.704725318043,30911.379852947368,S1 τ=80,80
76.0,0.0,3860398.1740330607,1356186.475786533,5216584.649819594,58.66596970860659,61.55130001056472,12776.919111904943,0.0,20454.163123426064,30911.379852947368,S1 τ=80,80
78.0,0.0,3961987.59966551,1340588.9659993278,5302576.565664838,59.14638896401745,61.998183503178915,12628.414890978194,0.0,20602.66734435281,30911.379852947368,S1 τ=80,80
80.0,0.0,4063577.025297959,1325670.9488935715,5389247.974191531,59.60748181084554,62.427089671050496,12485.884729620391,0.0,20745.197505710617,30911.379852947368,S1 τ=80,80
82.0,0.0,4165166.4509304077,1311388.53271652,5476554.983646927,60.04834646202257,62.83717967653881,12349.60738265769,0.0,20881.474852673316,30911.379852947368,S1 τ=80,80
84.0,0.0,4266755.876562857,1297580.8038533025,5564336.680416159,60.4739628182154,63.23308579734268,12218.04349407865,0.0,21013.038741252356,30911.379852947368,S1 τ=80,80
86.0,0.0,4368345.302195306,1284335.4656507818,5652680.767846088,60.882078439686325,63.61271282573349,12091.889324086556,0.0,21139.19291124445,30911.379852947368,S1 τ=80,80
88.0,0.0,4469934.727827755,1271582.9046829552,5741517.6325107105,61.275486463515406,63.9786589232954,11970.281475468773,0.0,21260.80075986223,30911.379852947368,S1 τ=80,80
90.0,0.0,4571524.153460204,1259396.0064482566,5830920.15990846,61.651659156957464,64.32857280617613,11854.001305295838,0.0,21377.08093003517,30911.379852947368,S1 τ=80,80
92.0,0.0,4673113.579092653,1247571.3996136975,5920684.978706351,62.01616127013968,64.66763077600048,11741.32867251806,0.0,21489.753562812944,30911.379852947368,S1 τ=80,80
94.0,0.0,4774703.004725101,1236110.362169849,6010813.36689495,62.36979616508993,64.99658011594832,11632.015246847419,0.0,21599.066988483588,30911.379852947368,S1 τ=80,80
96.0,0.0,4876292.43035755,1224996.185775583,6101288.616133133,62.71334612532499,65.3161485020781,11525.819213654511,0.0,21705.263021676496,30911.379852947368,S1 τ=80,80
98.0,0.0,4977881.855989999,1214138.300860275,6192020.156850275,63.04905001935964,65.62841851823744,11422.048507788324,0.0,21809.033727542686,30911.379852947368,S1 τ=80,80
0.0,0.0,0.0,3532589.92961661,3532589.92961661,-7.504363743770104,0.0,33231.08223533101,0.0,0.0,30911.379852947368,S2 τ=80,80
0.0,6.0,942442.9805243728,3524230.2062778724,4466673.186802246,-7.711620277210608,0.0,33295.14808965285,0.0,0.0,30911.379852947368,S2 τ=80,80
0.0,12.0,1884885.9610487456,3517995.1158359824,5402881.076884728,-7.875562580194619,0.0,33345.82491766791,0.0,0.0,30911.379852947368,S2 τ=80,80
11.0,0.0,558741.8409784694,2813417.755014651,3372159.59599312,14.201803712343386,20.19096406900168,26521.406361454923,0.0,6709.675873876084,30911.379852947368,S2 τ=80,80
11.0,6.0,1501184.821502842,2731126.2852699896,4232311.106772832,16.293442904527428,22.67715016733805,25874.851825605794,0.0,7588.544675690768,30911.379852947368,S2 τ=80,80
11.0,12.0,2443627.802027215,2680699.6976725073,5124327.499699722,17.548207953856682,24.164731779702038,25486.986634945606,0.0,8121.368993081033,30911.379852947368,S2 τ=80,80
22.0,0.0,1117483.6819569387,2347846.4515104895,3465330.1334674284,28.436628659347296,33.432124196167976,22121.22555068443,0.0,11109.856684646576,30911.379852947368,S2 τ=80,80
22.0,6.0,2059926.6624813115,2234502.516460201,4294429.1789415125,31.509767800819187,36.9041750515499,21171.27583725445,0.0,12382.886985010868,30911.379852947368,S2 τ=80,80
22.0,12.0,3002369.643005684,2159486.808906219,5161856.451911903,33.5163153804572,39.14351251770467,20551.02429298242,0.0,13218.628119114523,30911.379852947368,S2 τ=80,80
33.0,0.0,1676225.522935408,2001316.4414887335,3677541.9644241417,39.03215081361319,43.288023794364435,18846.003450176107,0.0,14385.078785154898,30911.379852947368,S2 τ=80,80
33.0,6.0,2618668.5034597805,1868196.802361621,4486865.305821402,42.738993732352945,47.337366921570364,17700.167155012383,0.0,15910.319294937428,30911.379852947368,S2 τ=80,80
33.0,12.0,3561111.4839841537,1778162.4579314534,5339273.941915607,45.24870332679337,50.0318634157366,16924.38128906904,0.0,16945.965788070273,30911.379852947368,S2 τ=80,80
44.0,0.0,2234967.3639138774,1750117.3923113677,3985084.756225245,46.65476748714342,50.37854217713282,16489.74745548708,0.0,16741.334779843924,30911.379852947368,S2 τ=80,80
44.0,6.0,3177410.34443825,1602031.792025591,4779442.136463841,50.840187629364955,54.842522373403945,15195.97633688321,0.0,18455.097938207287,30911.379852947368,S2 τ=80,80
44.0,12.0,4119853.324962623,1500822.1605750644,5620675.485537687,53.70779567435934,57.84386258533956,14309.559121401318,0.0,19634.630263523097,30911.379852947368,S2 τ=80,80
55.0,0.0,2793709.2048923466,1573655.1433800147,4367364.348272361,52.033266298217114,55.38159379640757,14827.179257609829,0.0,18403.902977721176,30911.379852947368,S2 τ=80,80
55.0,6.0,3736152.1854167194,1418296.4514435667,5154448.636860286,56.4608701103135,60.030677902526385,13458.54582486914,0.0,20213.643540884033,30911.379852947368,S2 τ=80,80
55.0,12.0,4678595.165941092,1312720.837695526,5991316.003636618,59.46578285799998,63.11966663932987,12529.68583118213,0.0,21444.209438821104,30911.379852947368,S2 τ=80,80
66.0,0.0,3352451.045870816,1445882.5005978118,4798333.546468628,55.923339738384826,59.00011987730179,13624.703879960973,0.0,19606.378355370034,30911.379852947368,S2 τ=80,80
66.0,6.0,4294894.026395189,1285988.4369099836,5580882.4633051725,60.496804522073646,63.74886878250551,12210.982808234146,0.0,21473.435851620612,30911.379852947368,S2 τ=80,80
66.0,12.0,5237337.006919561,1176903.110010073,6414240.116929634,63.630619893669774,66.93151365937354,11242.277234830011,0.0,22754.674179962298,30911.379852947368,S2 τ=80,80
77.0,0.0,3911192.886849285,1348284.2315114874,5259477.118360773,58.90911838008246,61.77747564010046,12701.758502457642,0.0,20529.323732873367,30911.379852947368,S2 τ=80,80
77.0,6.0,4853635.867373658,1183522.9360133226,6037158.803386981,63.64211183848254,66.64701881374788,11238.724916116444,0.0,22457.588026214995,30911.379852947368,S2 τ=80,80
77.0,12.0,5796078.847898031,1070983.738878352,6867062.586776383,66.90520923478607,69.92928059571702,10230.056484973426,0.0,23789.93601150258,30911.379852947368,S2 τ=80,80
88.0,0.0,4469934.727827755,1271582.9046829552,5741517.6325107105,61.275486463515406,63.9786589232954,11970.281475468773,0.0,21260.80075986223,30911.379852947368,S2 τ=80,80
88.0,6.0,5412377.708352128,1102895.2319489217,6515272.9403010495,66.12976110942458,68.93840487450134,10469.758200566474,0.0,23236.68268975273,30911.379852947368,S2 τ=80,80
88.0,12.0,6354820.6888765,987750.5071289229,7342571.196005424,69.49835141598118,72.29803324900872,9428.4804552172,0.0,24606.93854578139,30911.379852947368,S2 τ=80,80
99.0,0.0,5028676.568806224,1208881.2826603956,6237557.851466619,63.21111197200827,65.7791677036704,11371.952922008,0.0,21859.129313323003,30911.379852947368,S2 τ=80,80
99.0,6.0,5971119.549330596,1037727.1610199639,7008846.71035056,68.1424851023434,70.78931243626023,9847.59744172393,0.0,23864.712206023254,30911.379852947368,S2 τ=80,80
99.0,12.0,6913562.529854969,920534.420746531,7834096.9506015,71.58140907158273,74.19833144472719,8784.578590738307,0.0,25261.973754974584,30911.379852947368,S2 τ=80,80
0.0,0.0,0.0,4197211.574323219,4197211.574323219,-7.504363743770104,0.0,33231.08223533101,0.0,0.0,30911.379852947368,S0 τ=100,100
0.0,0.0,0.0,4197211.574323219,4197211.574323219,-7.504363743770104,0.0,33231.08223533101,0.0,0.0,30911.379852947368,S1 τ=100,100
2.0,0.0,101589.42563244897,3984615.2236260767,4086204.6492585256,-2.103604519817788,5.023758139552999,31561.633036672014,0.0,1669.4491986589924,30911.379852947368,S1 τ=100,100
4.0,0.0,203178.85126489794,3804403.3964878432,4007582.247752741,2.4552889111080525,9.264417097166723,30152.416171147463,0.0,3078.6660641835388,30911.379852947368,S1 τ=100,100
6.0,0.0,304768.2768973469,3655571.8872889583,3960340.1641863054,6.234323661636595,12.779655566495887,28984.264384636703,0.0,4246.817850694305,30911.379852947368,S1 τ=100,100
8.0,0.0,406357.7025297959,3523476.7030811016,3929834.4056108976,9.60256467800554,15.912775840940679,27943.094609704123,0.0,5287.987625626883,30911.379852947368,S1 τ=100,100
10.0,0.0,507947.12816224486,3401849.7033186634,3909796.831480908,12.715660282804334,18.80856118061178,26980.79380211936,0.0,6250.288433211645,30911.379852947368,S1 τ=100,100
12.0,0.0,609536.5537946938,3287311.4194316156,3896847.9732263093,15.652170451679966,21.54008766624786,26073.077989397785,0.0,7158.004245933218,30911.379852947368,S1 τ=100,100
14.0,0.0,711125.9794271428,3177963.505879314,3889089.4853064567,18.458404642112427,24.150432114330865,25205.632279229925,0.0,8025.449956101076,30911.379852947368,S1 τ=100,100
16.0,0.0,812715.4050595918,3073819.338753529,3886534.7438131208,21.135894417109853,26.64101917680497,24377.983244356645,0.0,8853.098990974364,30911.379852947368,S1 τ=100,100
18.0,0.0,914304.8306920407,2974694.2212253553,3888999.051917396,23.685293918574622,29.012457333065388,23589.928680489724,0.0,9641.153554841281,30911.379852947368,S1 τ=100,100
20.0,0.0,1015894.2563244897,2880248.855065278,3896143.1113897674,26.11785515632667,31.275213144122425,22837.99043613263,0.0,10393.091799198375,30911.379852947368,S1 τ=100,100
22.0,0.0,1117483.6819569387,2790270.9625241617,3907754.6444811,28.436628659347296,33.432124196167976,22121.22555068443,0.0,11109.856684646576,30911.379852947368,S1 τ=100,100
24.0,0.0,1219073.1075893876,2704853.5217455286,3923926.6293349164,30.63738277129306,35.47925422448117,21440.942087511517,0.0,11790.140147819486,30911.379852947368,S1 τ=100,100
26.0,0.0,1320662.5332218367,2624262.137773638,3944924.670995475,32.712997410018836,37.40998016568377,20799.340962251612,0.0,12431.741273079393,30911.379852947368,S1 τ=100,100
28.0,0.0,1422251.9588542855,2548934.668481628,3971186.6273359135,34.650179124423424,39.21193652070369,20200.53136407017,0.0,13030.550871260835,30911.379852947368,S1 τ=100,100
30.0,0.0,1523841.3844867346,2477615.55959228,4001456.9440790145,36.483210963738664,40.91701320362248,19633.91592939397,0.0,13597.166305937033,30911.379852947368,S1 τ=100,100
32.0,0.0,1625430.8101191835,2410365.123798749,4035795.933917932,38.20905611623125,42.522385387960995,19100.433378633308,0.0,14130.648856697695,30911.379852947368,S1 τ=100,100
34.0,0.0,1727020.2357516324,2346992.311096515,4074012.546848147,39.831284774223214,44.03137404804781,18598.98011607804,0.0,14632.102119252962,30911.379852947368,S1 τ=100,100
36.0,0.0,1828609.6613840815,2287519.173115676,4116128.8344997573,41.35013368552693,45.444199405466605,18129.482959712594,0.0,15101.599275618413,30911.379852947368,S1 τ=100,100
38.0,0.0,1930199.0870165303,2230731.839188891,4160930.9262054213,42.79949527760633,46.79238801996216,17681.465292542205,0.0,15549.6169427888,30911.379852947368,S1 τ=100,100
40.0,0.0,2031788.5126489794,2177074.9551578336,4208863.467806813,44.17073228092587,48.06790554833692,17257.59701376193,0.0,15973.485221569075,30911.379852947368,S1 τ=100,100
42.0,0.0,2133377.9382814285,2126656.42395371,4260034.362235138,45.45959922482176,49.266802875861046,16859.190456935197,0.0,16371.891778395806,30911.379852947368,S1 τ=100,100
44.0,0.0,2234967.3639138774,2079912.3414211087,4314879.705334986,46.65476748714342,50.37854217713282,16489.74745548708,0.0,16741.334779843924,30911.379852947368,S1 τ=100,100
46.0,0.0,2336556.7895463263,2035770.2685055372,4372327.058051864,47.78556909330373,51.43040794962883,16140.201075623634,0.0,17090.881159707373,30911.379852947368,S1 τ=100,100
48.0,0.0,2438146.215178775,1994432.7754923245,4432578.9906711,48.846650710687534,52.417420551194304,15812.206106324329,0.0,17418.876129006676,30911.379852947368,S1 τ=100,100
50.0,0.0,2539735.640811224,1955839.5363647381,4495575.177175962,49.83748879820077,53.339092986626646,15505.924381365432,0.0,17725.157853965575,30911.379852947368,S1 τ=100,100
52.0,0.0,2641325.0664436733,1919684.837717404,4561009.904161077,50.76464004043484,54.20152424982994,15219.32913906714,0.0,18011.753096263863,30911.379852947368,S1 τ=100,100
54.0,0.0,2742914.492076122,1886173.7455748995,4629088.237651022,51.623290244594955,55.00023620370621,14953.908512851098,0.0,18277.173722479907,30911.379852947368,S1 τ=100,100
56.0,0.0,2844503.917708571,1854646.1823851964,4699150.100093767,52.4319762548457,55.752471724283026,14703.932508404847,0.0,18527.14972692616,30911.379852947368,S1 τ=100,100
58.0,0.0,2946093.34334102,1824568.3303960767,4770661.673737097,53.20325878041915,56.46991471795698,14465.51843718543,0.0,18765.563798145573,30911.379852947368,S1 τ=100,100
60.0,0.0,3047682.7689734693,1796165.1394932207,4843847.90846669,53.931326117414834,57.14715916798785,14240.462777061457,0.0,18990.619458269546,30911.379852947368,S1 τ=100,100
62.0,0.0,3149272.194605918,1769149.8565926054,4918422.0511985235,54.62371250476375,57.79121338424199,14026.436590817932,0.0,19204.645644513075,30911.379852947368,S1 τ=100,100
64.0,0.0,3250861.620238367,1743089.8036580821,4993951.423896449,55.291271298362,58.41217310192316,13820.084956387023,0.0,19410.997278943985,30911.379852947368,S1 τ=100,100
66.0,0.0,3352451.045870816,1718376.5781970313,5070827.624067847,55.923339738384826,59.00011987730179,13624.703879960973,0.0,19606.378355370034,30911.379852947368,S1 τ=100,100
68.0,0.0,3454040.4715032647,1694913.2994749085,5148953.770978173,56.523506053822594,59.55839146232156,13439.184190446567,0.0,19791.898044884438,30911.379852947368,S1 τ=100,100
70.0,0.0,3555629.897135714,1672461.916955254,5228091.814090968,57.09964644957499,60.09431426181424,13261.091244229268,0.0,19969.99099110174,30911.379852947368,S1 τ=100,100
72.0,0.0,3657219.322768163,1651372.883257319,5308592.206025482,57.64311922295629,60.59984980888898,13093.096310852026,0.0,20137.985924478977,30911.379852947368,S1 τ=100,100
74.0,0.0,3758808.748400612,1631224.6723572896,5390033.420757901,58.163053310672986,61.08348979298853,12932.37751001296,0.0,20298.704725318043,30911.379852947368,S1 τ=100,100
76.0,0.0,3860398.1740330607,1611724.8580246284,5472123.0320576895,58.66596970860659,61.55130001056472,12776.919111904943,0.0,20454.163123426064,30911.379852947368,S1 τ=100,100
78.0,0.0,3961987.59966551,1593157.263818891,5555144.863484401,59.14638896401745,61.998183503178915,12628.414890978194,0.0,20602.66734435281,30911.379852947368,S1 τ=100,100
80.0,0.0,4063577.025297959,1575388.6434859785,5638965.668783938,59.60748181084554,62.427089671050496,12485.884729620391,0.0,20745.197505710617,30911.379852947368,S1 τ=100,100
82.0,0.0,4165166.4509304077,1558380.6803696714,5723547.131300079,60.04834646202257,62.83717967653881,12349.60738265769,0.0,20881.474852673316,30911.379852947368,S1 τ=100,100
84.0,0.0,4266755.876562857,1541941.6737348745,5808697.5502977315,60.4739628182154,63.23308579734268,12218.04349407865,0.0,21013.038741252356,30911.379852947368,S1 τ=100,100
86.0,0.0,4368345.302195306,1526173.2521325133,5894518.5543278195,60.882078439686325,63.61271282573349,12091.889324086556,0.0,21139.19291124445,30911.379852947368,S1 τ=100,100
88.0,0.0,4469934.727827755,1510988.5341923323,5980923.262020087,61.275486463515406,63.9786589232954,11970.281475468773,0.0,21260.80075986223,30911.379852947368,S1 τ=100,100
90.0,0.0,4571524.153460204,1496476.032554172,6068000.186014376,61.651659156957464,64.32857280617613,11854.001305295838,0.0,21377.08093003517,30911.379852947368,S1 τ=100,100
92.0,0.0,4673113.579092653,1482397.9730640552,6155511.552156707,62.01616127013968,64.66763077600048,11741.32867251806,0.0,21489.753562812944,30911.379852947368,S1 τ=100,100
94.0,0.0,4774703.004725101,1468750.6671067933,6243453.671831895,62.36979616508993,64.99658011594832,11632.015246847419,0.0,21599.066988483588,30911.379852947368,S1 τ=100,100
96.0,0.0,4876292.43035755,1455512.570048672,6331805.000406222,62.71334612532499,65.3161485020781,11525.819213654511,0.0,21705.263021676496,30911.379852947368,S1 τ=100,100
98.0,0.0,4977881.855989999,1442579.2710160408,6420461.12700604,63.04905001935964,65.62841851823744,11422.048507788324,0.0,21809.033727542686,30911.379852947368,S1 τ=100,100
0.0,0.0,0.0,4197211.574323219,4197211.574323219,-7.504363743770104,0.0,33231.08223533101,0.0,0.0,30911.379852947368,S2 τ=100,100
0.0,6.0,942442.9805243728,4189942.234159124,5132385.214683497,-7.655447592734693,0.0,33277.784337780904,0.0,0.0,30911.379852947368,S2 τ=100,100
0.0,12.0,1884885.9610487456,4184653.01021992,6069538.971268665,-7.792220448786441,0.0,33320.062714850785,0.0,0.0,30911.379852947368,S2 τ=100,100
11.0,0.0,558741.8409784694,3343845.8822437334,3902587.7232222026,14.201803712343386,20.19096406900168,26521.406361454923,0.0,6709.675873876084,30911.379852947368,S2 τ=100,100
11.0,6.0,1501184.821502842,3248553.1995041566,4749738.021006999,16.314765177684777,22.681617578234633,25868.260816756843,0.0,7588.544675690768,30911.379852947368,S2 τ=100,100
11.0,12.0,2443627.802027215,3190344.3652548236,5633972.167282038,17.579706503403848,24.171734543852924,25477.249998646912,0.0,8121.368993081033,30911.379852947368,S2 τ=100,100
22.0,0.0,1117483.6819569387,2790270.9625241617,3907754.6444811,28.436628659347296,33.432124196167976,22121.22555068443,0.0,11109.856684646576,30911.379852947368,S2 τ=100,100
22.0,6.0,2059926.6624813115,2657854.5025823736,4717781.165063685,31.531472844954173,36.91155570828586,21164.566508614633,0.0,12382.886985010868,30911.379852947368,S2 τ=100,100
22.0,12.0,3002369.643005684,2570388.72270697,5572758.365712654,33.55183435117716,39.15624324430066,20540.044889023317,0.0,13218.628119114523,30911.379852947368,S2 τ=100,100
33.0,0.0,1676225.522935408,2378236.510492245,4054462.033427653,39.03215081361319,43.288023794364435,18846.003450176107,0.0,14385.078785154898,30911.379852947368,S2 τ=100,100
33.0,6.0,2618668.5034597805,2222137.3158140504,4840805.819273831,42.7580595028706,47.345668835209096,17694.273662265776,0.0,15910.319294937428,30911.379852947368,S2 τ=100,100
33.0,12.0,3561111.4839841537,2116536.1364506823,5677647.620434836,45.2826819692547,50.047383216563965,16913.87802182894,0.0,16945.965788070273,30911.379852947368,S2 τ=100,100
44.0,0.0,2234967.3639138774,2079912.3414211087,4314879.705334986,46.65476748714342,50.37854217713282,16489.74745548708,0.0,16741.334779843924,30911.379852947368,S2 τ=100,100
44.0,6.0,3177410.34443825,1905881.8811982882,5083292.225636538,50.861043967129596,54.85303129478293,15189.52935509337,0.0,18455.097938207287,30911.379852947368,S2 τ=100,100
44.0,12.0,4119853.324962623,1786890.7674670417,5906744.092429665,53.745325144824626,57.86363825158065,14297.95824422899,0.0,19634.630263523097,30911.379852947368,S2 τ=100,100
55.0,0.0,2793709.2048923466,1870198.7285322116,4663907.9334245585,52.033266298217114,55.38159379640757,14827.179257609829,0.0,18403.902977721176,30911.379852947368,S2 τ=100,100
55.0,6.0,3736152.1854167194,1687398.0946844318,5423550.280101151,56.48209000248086,60.042374190869616,13451.986463396901,0.0,20213.643540884033,30911.379852947368,S2 τ=100,100
55.0,12.0,4678595.165941092,1563220.7352327663,6241815.901173858,59.496876171976275,63.137528538705226,12520.074458790052,0.0,21444.209438821104,30911.379852947368,S2 τ=100,100
66.0,0.0,3352451.045870816,1718376.5781970313,5070827.624067847,55.923339738384826,59.00011987730179,13624.703879960973,0.0,19606.378355370034,30911.379852947368,S2 τ=100,100
66.0,6.0,4294894.026395189,1530121.143262224,5825015.169657413,60.52034748112336,63.76264457853969,12203.705354733662,0.0,21473.435851620612,30911.379852947368,S2 τ=100,100
66.0,12.0,5237337.006919561,1401644.2621462909,6638981.269065851,63.66428064867162,66.95200478689857,11231.872230990019,0.0,22754.674179962298,30911.379852947368,S2 τ=100,100
77.0,0.0,3911192.886849285,1602319.401560639,5513512.288409924,58.90911838008246,61.77747564010046,12701.758502457642,0.0,20529.323732873367,30911.379852947368,S2 τ=100,100
77.0,6.0,4853635.867373658,1408220.205365687,6261856.072739345,63.66360944534792,66.6601647798621,11232.079709198992,0.0,22457.588026214995,30911.379852947368,S2 τ=100,100
77.0,12.0,5796078.847898031,1275470.7742001058,7071549.622098137,66.93818644050607,69.95024040098255,10219.862775648427,0.0,23789.93601150258,30911.379852947368,S2 τ=100,100
88.0,0.0,4469934.727827755,1510988.5341923323,5980923.262020087,61.275486463515406,63.9786589232954,11970.281475468773,0.0,21260.80075986223,30911.379852947368,S2 τ=100,100
88.0,6.0,5412377.708352128,1312214.21310232,6724591.921454448,66.15052834453381,68.95153679136473,10463.338761636907,0.0,23236.68268975273,30911.379852947368,S2 τ=100,100
88.0,12.0,6354820.6888765,1176232.0960603845,7531052.784936884,69.52494021539141,72.31549619008516,9420.261490433164,0.0,24606.93854578139,30911.379852947368,S2 τ=100,100
99.0,0.0,5028676.568806224,1436320.3411005535,6464996.909906777,63.21111197200827,65.7791677036704,11371.952922008,0.0,21859.129313323003,30911.379852947368,S2 τ=100,100
99.0,6.0,5971119.549330596,1234605.1041231302,7205724.653453726,68.1619768658553,70.80196639277953,9841.572268664731,0.0,23864.712206023254,30911.379852947368,S2 τ=100,100
99.0,12.0,6913562.529854969,1096132.555105081,8009695.08496005,71.60699754305014,74.21557332568165,8776.66884112445,0.0,25261.973754974584,30911.379852947368,S2 τ=100,100
0.0,0.0,0.0,4861833.219029852,4861833.219029852,-7.504363743770104,0.0,33231.08223533101,0.0,0.0,30911.379852947368,S0 τ=120,120
0.0,0.0,0.0,4861833.219029852,4861833.219029852,-7.504363743770104,0.0,33231.08223533101,0.0,0.0,30911.379852947368,S1 τ=120,120
2.0,0.0,101589.42563244897,4615847.88435951,4717437.309991959,-2.103604519817788,5.023758139552999,31561.633036672014,0.0,1669.4491986589924,30911.379852947368,S1 τ=120,120
4.0,0.0,203178.85126489794,4407451.719910775,4610630.571175673,2.4552889111080525,9.264417097166723,30152.416171147463,0.0,3078.6660641835388,30911.379852947368,S1 τ=120,120
6.0,0.0,304768.2768973469,4235257.174981707,4540025.451879053,6.234323661636595,12.779655566495887,28984.264384636703,0.0,4246.817850694305,30911.379852947368,S1 τ=120,120
8.0,0.0,406357.7025297959,4082338.5952751827,4488696.297804979,9.60256467800554,15.912775840940679,27943.094609704123,0.0,5287.987625626883,30911.379852947368,S1 τ=120,120
10.0,0.0,507947.12816224486,3941465.5793610592,4449412.707523304,12.715660282804334,18.80856118061178,26980.79380211936,0.0,6250.288433211645,30911.379852947368,S1 τ=120,120
12.0,0.0,609536.5537946938,3808772.9792195875,4418309.533014282,15.652170451679966,21.54008766624786,26073.077989397785,0.0,7158.004245933218,30911.379852947368,S1 τ=120,120
14.0,0.0,711125.9794271428,3682076.1514639272,4393202.13089107,18.458404642112427,24.150432114330865,25205.632279229925,0.0,8025.449956101076,30911.379852947368,S1 τ=120,120
16.0,0.0,812715.4050595918,3561379.0036406685,4374094.40870026,21.135894417109853,26.64101917680497,24377.983244356645,0.0,8853.098990974364,30911.379852947368,S1 τ=120,120
18.0,0.0,914304.8306920407,3446492.7948351605,4360797.625527201,23.685293918574622,29.012457333065388,23589.928680489724,0.0,9641.153554841281,30911.379852947368,S1 τ=120,120
20.0,0.0,1015894.2563244897,3337008.6637879345,4352902.9201124245,26.11785515632667,31.275213144122425,22837.99043613263,0.0,10393.091799198375,30911.379852947368,S1 τ=120,120
22.0,0.0,1117483.6819569387,3232695.4735378553,4350179.155494794,28.436628659347296,33.432124196167976,22121.22555068443,0.0,11109.856684646576,30911.379852947368,S1 τ=120,120
24.0,0.0,1219073.1075893876,3133672.3634957713,4352745.471085159,30.63738277129306,35.47925422448117,21440.942087511517,0.0,11790.140147819486,30911.379852947368,S1 τ=120,120
26.0,0.0,1320662.5332218367,3040248.957018684,4360911.490240521,32.712997410018836,37.40998016568377,20799.340962251612,0.0,12431.741273079393,30911.379852947368,S1 τ=120,120
28.0,0.0,1422251.9588542855,2952945.295763049,4375197.254617334,34.650179124423424,39.21193652070369,20200.53136407017,0.0,13030.550871260835,30911.379852947368,S1 τ=120,120
30.0,0.0,1523841.3844867346,2870293.878180169,4394135.262666903,36.483210963738664,40.91701320362248,19633.91592939397,0.0,13597.166305937033,30911.379852947368,S1 τ=120,120
32.0,0.0,1625430.8101191835,2792373.791371417,4417804.601490601,38.20905611623125,42.522385387960995,19100.433378633308,0.0,14130.648856697695,30911.379852947368,S1 τ=120,120
34.0,0.0,1727020.2357516324,2718971.913418081,4445992.149169713,39.831284774223214,44.03137404804781,18598.98011607804,0.0,14632.102119252962,30911.379852947368,S1 τ=120,120
36.0,0.0,1828609.6613840815,2650108.832309931,4478718.493694013,41.35013368552693,45.444199405466605,18129.482959712594,0.0,15101.599275618413,30911.379852947368,S1 τ=120,120
38.0,0.0,1930199.0870165303,2584361.145039738,4514560.2320562685,42.79949527760633,46.79238801996216,17681.465292542205,0.0,15549.6169427888,30911.379852947368,S1 τ=120,120
40.0,0.0,2031788.5126489794,2522226.8954330767,4554015.408082056,44.17073228092587,48.06790554833692,17257.59701376193,0.0,15973.485221569075,30911.379852947368,S1 τ=120,120
42.0,0.0,2133377.9382814285,2463840.2330924137,4597218.171373842,45.45959922482176,49.266802875861046,16859.190456935197,0.0,16371.891778395806,30911.379852947368,S1 τ=120,120
44.0,0.0,2234967.3639138774,2409707.29053084,4644674.654444717,46.65476748714342,50.37854217713282,16489.74745548708,0.0,16741.334779843924,30911.379852947368,S1 τ=120,120
46.0,0.0,2336556.7895463263,2358574.290018008,4695131.079564335,47.78556909330373,51.43040794962883,16140.201075623634,0.0,17090.881159707373,30911.379852947368,S1 τ=120,120
48.0,0.0,2438146.215178775,2310676.897618815,4748823.11279759,48.846650710687534,52.417420551194304,15812.206106324329,0.0,17418.876129006676,30911.379852947368,S1 τ=120,120
50.0,0.0,2539735.640811224,2265958.0239920416,4805693.664803266,49.83748879820077,53.339092986626646,15505.924381365432,0.0,17725.157853965575,30911.379852947368,S1 τ=120,120
52.0,0.0,2641325.0664436733,2224071.420498749,4865396.486942422,50.76464004043484,54.20152424982994,15219.32913906714,0.0,18011.753096263863,30911.379852947368,S1 τ=120,120
54.0,0.0,2742914.492076122,2185251.9158319184,4928166.407908041,51.623290244594955,55.00023620370621,14953.908512851098,0.0,18277.173722479907,30911.379852947368,S1 τ=120,120
56.0,0.0,2844503.917708571,2148724.832553287,4993228.750261858,52.4319762548457,55.752471724283026,14703.932508404847,0.0,18527.14972692616,30911.379852947368,S1 τ=120,120
58.0,0.0,2946093.34334102,2113878.6991397794,5059972.042480799,53.20325878041915,56.46991471795698,14465.51843718543,0.0,18765.563798145573,30911.379852947368,S1 τ=120,120
60.0,0.0,3047682.7689734693,2080974.3950344454,5128657.164007915,53.931326117414834,57.14715916798785,14240.462777061457,0.0,18990.619458269546,30911.379852947368,S1 τ=120,120
62.0,0.0,3149272.194605918,2049678.5884089572,5198950.783014875,54.62371250476375,57.79121338424199,14026.436590817932,0.0,19204.645644513075,30911.379852947368,S1 τ=120,120
64.0,0.0,3250861.620238367,2019491.5027858191,5270353.123024186,55.291271298362,58.41217310192316,13820.084956387023,0.0,19410.997278943985,30911.379852947368,S1 τ=120,120
66.0,0.0,3352451.045870816,1990870.6557962468,5343321.701667063,55.923339738384826,59.00011987730179,13624.703879960973,0.0,19606.378355370034,30911.379852947368,S1 τ=120,120
68.0,0.0,3454040.4715032647,1963696.9832838373,5417737.454787102,56.523506053822594,59.55839146232156,13439.184190446567,0.0,19791.898044884438,30911.379852947368,S1 τ=120,120
70.0,0.0,3555629.897135714,1937683.7418398366,5493313.63897555,57.09964644957499,60.09431426181424,13261.091244229268,0.0,19969.99099110174,30911.379852947368,S1 τ=120,120
72.0,0.0,3657219.322768163,1913234.8094743534,5570454.132242517,57.64311922295629,60.59984980888898,13093.096310852026,0.0,20137.985924478977,30911.379852947368,S1 τ=120,120
74.0,0.0,3758808.748400612,1889872.2225575459,5648680.970958157,58.163053310672986,61.08348979298853,12932.37751001296,0.0,20298.704725318043,30911.379852947368,S1 τ=120,120
76.0,0.0,3860398.1740330607,1867263.2402627233,5727661.414295784,58.66596970860659,61.55130001056472,12776.919111904943,0.0,20454.163123426064,30911.379852947368,S1 τ=120,120
78.0,0.0,3961987.59966551,1845725.561638453,5807713.1613039635,59.14638896401745,61.998183503178915,12628.414890978194,0.0,20602.66734435281,30911.379852947368,S1 τ=120,120
80.0,0.0,4063577.025297959,1825106.3380783799,5888683.363376339,59.60748181084554,62.427089671050496,12485.884729620391,0.0,20745.197505710617,30911.379852947368,S1 τ=120,120
82.0,0.0,4165166.4509304077,1805372.8280228204,5970539.278953228,60.04834646202257,62.83717967653881,12349.60738265769,0.0,20881.474852673316,30911.379852947368,S1 τ=120,120
84.0,0.0,4266755.876562857,1786302.5436164436,6053058.420179301,60.4739628182154,63.23308579734268,12218.04349407865,0.0,21013.038741252356,30911.379852947368,S1 τ=120,120
86.0,0.0,4368345.302195306,1768011.0386142388,6136356.340809545,60.882078439686325,63.61271282573349,12091.889324086556,0.0,21139.19291124445,30911.379852947368,S1 τ=120,120
88.0,0.0,4469934.727827755,1750394.1637017033,6220328.891529458,61.275486463515406,63.9786589232954,11970.281475468773,0.0,21260.80075986223,30911.379852947368,S1 τ=120,120
90.0,0.0,4571524.153460204,1733556.0586600823,6305080.212120286,61.651659156957464,64.32857280617613,11854.001305295838,0.0,21377.08093003517,30911.379852947368,S1 τ=120,120
92.0,0.0,4673113.579092653,1717224.5465144196,6390338.125607072,62.01616127013968,64.66763077600048,11741.32867251806,0.0,21489.753562812944,30911.379852947368,S1 τ=120,120
94.0,0.0,4774703.004725101,1701390.972043738,6476093.976768839,62.36979616508993,64.99658011594832,11632.015246847419,0.0,21599.066988483588,30911.379852947368,S1 τ=120,120
96.0,0.0,4876292.43035755,1686028.9543217577,6562321.384679308,62.71334612532499,65.3161485020781,11525.819213654511,0.0,21705.263021676496,30911.379852947368,S1 τ=120,120
98.0,0.0,4977881.855989999,1671020.2411718045,6648902.097161803,63.04905001935964,65.62841851823744,11422.048507788324,0.0,21809.033727542686,30911.379852947368,S1 τ=120,120
0.0,0.0,0.0,4861833.219029852,4861833.219029852,-7.504363743770104,0.0,33231.08223533101,0.0,0.0,30911.379852947368,S2 τ=120,120
0.0,6.0,942442.9805243728,4855364.5551393805,5797807.535663754,-7.617793460761037,0.0,33266.1449260162,0.0,0.0,30911.379852947368,S2 τ=120,120
0.0,12.0,1884885.9610487456,4850787.880520828,6735673.841569574,-7.7178791196363825,0.0,33297.08278420948,0.0,0.0,30911.379852947368,S2 τ=120,120
11.0,0.0,558741.8409784694,3874274.009472847,4433015.850451317,14.201803712343386,20.19096406900168,26521.406361454923,0.0,6709.675873876084,30911.379852947368,S2 τ=120,120
11.0,6.0,1501184.821502842,3765899.8161956836,5267084.637698526,16.32107813290681,22.682940596940973,25866.309395188215,0.0,7588.544675690768,30911.379852947368,S2 τ=120,120
11.0,12.0,2443627.802027215,3699856.6625292813,6143484.464556497,17.59077281733449,24.17419577264044,25473.829248312093,0.0,8121.368993081033,30911.379852947368,S2 τ=120,120
22.0,0.0,1117483.6819569387,3232695.4735378553,4350179.155494794,28.436628659347296,33.432124196167976,22121.22555068443,0.0,11109.856684646576,30911.379852947368,S2 τ=120,120
22.0,6.0,2059926.6624813115,3081120.6850107787,5141047.34749209,31.539281482934406,36.91421170614013,21162.152750867222,0.0,12382.886985010868,30911.379852947368,S2 τ=120,120
22.0,12.0,3002369.643005684,2981149.646310054,5983519.289315738,33.565326011419096,39.16108110204096,20535.874430677464,0.0,13218.628119114523,30911.379852947368,S2 τ=120,120
33.0,0.0,1676225.522935408,2755156.5794957783,4431382.1024311865,39.03215081361319,43.288023794364435,18846.003450176107,0.0,14385.078785154898,30911.379852947368,S2 τ=120,120
33.0,6.0,2618668.5034597805,2576004.4864145275,5194672.989874308,42.764858920798616,47.34863024773152,17692.17186836226,0.0,15910.319294937428,30911.379852947368,S2 τ=120,120
33.0,12.0,3561111.4839841537,2454782.8506931,6015894.334677254,45.29178585997952,50.0515430692284,16911.063883585593,0.0,16945.965788070273,30911.379852947368,S2 τ=120,120
44.0,0.0,2234967.3639138774,2409707.29053084,4644674.654444717,46.65476748714342,50.37854217713282,16489.74745548708,0.0,16741.334779843924,30911.379852947368,S2 τ=120,120
44.0,6.0,3177410.34443825,2209656.4882062287,5387066.832644479,50.866155243517696,54.85560733751985,15187.949389033707,0.0,18455.097938207287,30911.379852947368,S2 τ=120,120
44.0,12.0,4119853.324962623,2072821.5033370636,6192674.828299686,53.75430825706612,57.868373791539476,14295.181440281409,0.0,19634.630263523097,30911.379852947368,S2 τ=120,120
55.0,0.0,2793709.2048923466,2166742.3136843937,4960451.51857674,52.033266298217114,55.38159379640757,14827.179257609829,0.0,18403.902977721176,30911.379852947368,S2 τ=120,120
55.0,6.0,3736152.1854167194,1956417.074421422,5692569.2598381415,56.48823064594971,60.0457597302714,13450.088305768832,0.0,20213.643540884033,30911.379852947368,S2 τ=120,120
55.0,12.0,4678595.165941092,1813592.475205548,6492187.64114664,59.50593313631519,63.14273331376613,12517.274826140103,0.0,21444.209438821104,30911.379852947368,S2 τ=120,120
66.0,0.0,3352451.045870816,1990870.6557962468,5343321.701667063,55.923339738384826,59.00011987730179,13624.703879960973,0.0,19606.378355370034,30911.379852947368,S2 τ=120,120
66.0,6.0,4294894.026395189,1774170.2152901546,6069064.241685343,60.52763660797705,63.766910904769006,12201.452185043954,0.0,21473.435851620612,30911.379852947368,S2 τ=120,120
66.0,12.0,5237337.006919561,1626241.9380034509,6863578.944923012,63.67510033517514,66.95859398188962,11228.52771659602,0.0,22754.674179962298,30911.379852947368,S2 τ=120,120
77.0,0.0,3911192.886849285,1856354.5716097895,5767547.458459075,58.90911838008246,61.77747564010046,12701.758502457642,0.0,20529.323732873367,30911.379852947368,S2 τ=120,120
77.0,6.0,4853635.867373658,1632844.4696941383,6486480.337067797,63.669442012120356,66.66373233758463,11230.276782328787,0.0,22457.588026214995,30911.379852947368,S2 τ=120,120
77.0,12.0,5796078.847898031,1479818.958696043,7275897.806594074,66.95263048840134,69.95942477326433,10215.397921137377,0.0,23789.93601150258,30911.379852947368,S2 τ=120,120
88.0,0.0,4469934.727827755,1750394.1637017033,6220328.891529458,61.275486463515406,63.9786589232954,11970.281475468773,0.0,21260.80075986223,30911.379852947368,S2 τ=120,120
88.0,6.0,5412377.708352128,1521466.9601916093,6933844.668543737,66.1568206199614,68.95551662534469,10461.393732478089,0.0,23236.68268975273,30911.379852947368,S2 τ=120,120
88.0,12.0,6354820.6888765,1364596.5589848235,7719417.247861324,69.53810782266098,72.32414750988254,9416.191201332522,0.0,24606.93854578139,30911.379852947368,S2 τ=120,120
99.0,0.0,5028676.568806224,1663759.3995407093,6692435.968346933,63.21111197200827,65.7791677036704,11371.952922008,0.0,21859.129313323003,30911.379852947368,S2 τ=120,120
99.0,6.0,5971119.549330596,1431426.7730171648,7402546.32234776,68.16745906149191,70.80552622225376,9839.877646347213,0.0,23864.712206023254,30911.379852947368,S2 τ=120,120
99.0,12.0,6913562.529854969,1271634.3432149454,8185196.873069914,71.6197012591731,74.22413624973123,8772.741947178241,0.0,25261.973754974584,30911.379852947368,S2 τ=120,120
